날짜,모델,종목명,티커,예측 수익률,현재가,매수(매도),잔여 현금,총 자산,Return_1D,실제 수익률,예측 방향 일치,예측 정확도(%)
2025-05-01,GB_1D,AMZN,AMZN,337.22860905244517,190.1999969482422,BUY (10주),8096.098030548096,9998.098000030517,-0.001156683618470259,-11.566836184702591,False,0.0
2025-05-01,GB_1D,MSFT,MSFT,335.0615231622141,420.464111328125,BUY (4주),6412.559728790284,12299.057287384034,0.023225169708184955,232.25169708184956,True,55.73
2025-05-01,GB_20D,GOOGL,GOOGL,837.316572102691,160.54348754882812,BUY (12주),8071.551627563476,9998.073478149414,0.01692487428928036,169.2487428928036,True,0.0
2025-05-01,GB_20D,GOOG,GOOG,829.62047242844,162.02638244628906,BUY (12주),6125.290721618652,10013.92390032959,0.01855157210096547,185.5157210096547,True,0.0
2025-05-01,Dense-LSTM,AMD,AMD,27915.69709777832,96.6500015258789,BUY (20주),8065.066969451905,9998.066999969484,0.022245230128664032,222.45230128664033,True,0.0
2025-05-01,Dense-LSTM,NVDA,NVDA,27858.612537384033,111.32923126220703,BUY (17주),6170.577441062927,10289.758997764588,0.02589379422970372,258.9379422970372,True,0.0
2025-05-02,GB_1D,AVGO,AVGO,326.2860971376562,201.31747436523438,BUY (9주),4598.890602233887,9229.192512634278,-0.014339060731379034,-143.39060731379035,False,0.0
2025-05-02,GB_1D,ASML,ASML,204.6956979428709,684.0775756835938,BUY (2주),3229.367295715332,20331.306687805176,-0.01009660394825912,-100.9660394825912,False,0.0
2025-05-02,GB_20D,AAPL,AAPL,826.1987170062768,204.09466552734375,BUY (9주),4286.601879882813,11021.725842285156,-0.03145844940334407,-314.5844940334407,False,0.0
2025-05-02,GB_20D,GOOG,GOOG,803.8764258892527,165.0322265625,BUY (12주),2304.234774414063,9730.684969726562,0.0014475451645926162,14.475451645926162,True,0.0
2025-05-02,Dense-LSTM,SMCI,SMCI,27899.014949798584,33.709999084472656,BUY (59주),4179.698605133057,7415.858517242432,-0.04568380176066786,-456.8380176066786,False,0.0
2025-05-02,Dense-LSTM,AMD,AMD,27739.35317993164,98.80000305175781,BUY (20주),2201.7225440368657,13662.522898040772,0.018117340393148558,181.17340393148558,True,0.0
2025-05-05,GB_1D,MSFT,,-351.14182873609434,431.10919189453125,SELL (4주),4952.07962652588,14005.372656311036,,,False,0.0
2025-05-05,GB_1D,AMD,AMD,211.3405695523248,100.58999633789062,BUY (19주),3038.958486175538,7062.5583396911625,-0.019584388736740902,-195.84388736740902,False,0.0
2025-05-05,GB_1D,NOW,NOW,190.018476073774,195.61000061035156,BUY (10주),1080.902380065919,10861.402410583498,-0.013077034145723502,-130.77034145723502,False,0.0
2025-05-05,GB_20D,AAPL,AAPL,908.0111076661046,197.67416381835938,BUY (10주),325.5163945922859,11197.595404602052,-0.0019106469939189985,-19.106469939189985,False,0.0
2025-05-05,Dense-LSTM,SMCI,SMCI,27948.77529144287,32.16999816894531,BUY (62주),205.188117675782,5931.447791748047,0.02393535907959662,239.3535907959662,True,0.0
2025-06-24,GB_1D,ASML,,-430.5988728085832,805.9933471679688,SELL (2주),2691.277087707521,41378.95775177002,,,False,0.0
2025-06-24,GB_1D,AMD,AMD,179.2308473710787,138.42999267578125,BUY (14주),751.3191703491227,9333.97871624756,0.03590263298173707,359.0263298173707,True,49.92
2025-07-31,GB_1D,AMD,,-268.6880102233196,176.30999755859375,SELL (11주),2688.7897335205093,11680.59960900879,,,False,0.0
2025-07-31,GB_1D,ADBE,ADBE,208.137987203882,357.69000244140625,BUY (5주),898.5512713012713,20929.191408020022,-0.02764968151453324,-276.4968151453324,False,0.0
2025-08-04,GB_20D,GOOGL,,-210.02553153648842,194.36024475097656,SELL (10주),2267.1752396545417,11013.386253448487,,,False,0.0
2025-08-04,GB_20D,GOOG,,-210.02553153648842,195.0659637451172,SELL (10주),4215.884217468262,11043.192948547363,,,False,0.0
2025-08-04,GB_20D,AMZN,AMZN,531.3875268812884,211.64999389648438,BUY (9주),2309.1294224548346,11621.729153900147,0.009922070229506901,99.22070229506902,True,0.0
2025-08-04,GB_20D,AAPL,AAPL,433.98441286486576,202.37193298339844,BUY (9주),485.96067820739836,11211.673126327516,-0.002114660821478548,-21.14660821478548,False,0.0
2025-10-08,GB_1D,AMD,,-477.635873850128,235.55999755859375,SELL (8주),2781.1467717895525,14088.026654602052,,,False,0.0
2025-10-08,GB_1D,CRM,CRM,403.3060325040917,238.40785217285156,BUY (8주),871.9766915893574,14222.816413269045,0.020380180945101082,203.80180945101083,True,2.11
2025-10-09,GB_1D,AMD,,-516.7438618701157,232.88999938964844,SELL (8주),2733.2335667114276,13911.953537414553,,,False,0.0
2025-10-09,GB_1D,AVGO,AVGO,320.4968457228058,342.47357177734375,BUY (5주),1019.1533399658222,19170.25264416504,-0.059097996520103856,-590.9799652010386,False,0.0
2025-10-16,GB_1D,AMD,,-206.22561377403665,234.55999755859375,SELL (6주),2425.105965332033,13449.42585058594,,,False,0.0
2025-10-16,GB_1D,AMZN,AMZN,384.1664597852506,214.47000122070312,BUY (9주),492.94572433471876,12503.265792694094,-0.006667636156250796,-66.67636156250796,False,0.0
2025-12-15,GB_1D,AVGO,,-564.8642792590011,337.3020324707031,SELL (5주),2177.769376525881,19380.17303253174,,,False,0.0
2025-12-15,GB_1D,NOW,,-220.8599988190789,153.0399932861328,SELL (10주),3706.6389094543474,9981.278634185794,,,False,0.0
2025-12-15,GB_1D,NFLX,NFLX,468.0116041180227,93.7699966430664,BUY (21주),1735.4998100204486,7549.239601890566,0.00853154612773431,85.3154612773431,True,0.0
2025-12-19,GB_1D,CRM,,-363.59515351946794,258.1400146484375,SELL (7주),3540.6729324569724,17738.373738121034,,,False,0.0
2025-12-19,GB_1D,AAPL,AAPL,448.9617815159022,272.9271240234375,BUY (7주),1628.272574424746,18549.754263877872,-0.009865959632689408,-98.65959632689409,False,0.0
2026-03-02,GB_1D,NFLX,,-330.4423631748658,97.08999633789062,SELL (20주),3568.130701255801,7645.910547447207,,,False,0.0
2026-03-02,GB_1D,MSCI,MSCI,393.2601396658418,569.7771606445312,BUY (3주),1857.0898878402738,27497.06211684418,-0.014445601709395666,-144.45601709395666,False,0.0
2026-03-03,GB_1D,NFLX,,-211.38281435851033,97.69999694824219,SELL (1주),1954.6921847915678,6253.492050514224,,,False,0.0
2026-03-20,GB_1D,MSCI,,-342.69633762685635,548.6790771484375,SELL (3주),3599.083379005435,26094.925542091372,,,False,0.0
2026-03-20,GB_1D,ADBE,ADBE,535.805414646143,248.14999389648438,BUY (8주),1611.8982278823883,13771.247928810122,-0.002055186457303245,-20.55186457303245,False,0.0
2026-04-13,GB_1D,AVGO,,-344.9553369081227,378.4607849121094,SELL (5주),3502.3098485183746,20154.584384651185,,,False,0.0
2026-04-13,GB_1D,SMCI,SMCI,662.4401604441074,25.969999313354492,BUY (76주),1526.6161807556184,4643.016098358157,0.047362398232812436,473.6239823281244,True,60.13
2026-04-14,GB_1D,AVGO,,-391.3788234570358,379.48724365234375,SELL (4주),3043.047206390384,47063.56747006226,,,False,0.0
2026-04-14,GB_1D,NOW,NOW,512.0297799171393,87.79000091552734,BUY (22주),1109.735806228641,13224.755932571414,0.07290125822002291,729.0125822002291,True,70.24
2026-04-17,GB_1D,AMZN,,-381.17386846058554,250.55999755859375,SELL (7주),2861.9018691558867,35685.26154933167,,,False,0.0
2026-04-17,GB_1D,SMCI,SMCI,419.2248273800232,28.559999465942383,BUY (69주),889.2912660427126,6601.291159231189,0.008753501564246296,87.53501564246295,True,0.0
2026-04-20,GB_1D,AMZN,,-216.28166149575907,248.27999877929688,SELL (8주),2873.545016286853,50543.30478191185,,,False,0.0
2026-04-20,GB_1D,BRK-B,BRK-B,370.9487870882527,472.0799865722656,BUY (4주),983.3367500515014,93511.01411821556,-0.007583432202368112,-75.83432202368112,False,0.0
2026-04-21,GB_1D,AMZN,,-348.7838074817941,249.91000366210938,SELL (4주),1981.9771246852906,49964.69782781029,,,False,0.0
2026-04-21,GB_1D,AAPL,,-216.69230605279327,265.69586181640625,SELL (7주),3839.9882863674193,52993.72272240258,,,False,0.0
2026-04-21,GB_1D,SMCI,SMCI,444.87887666635737,28.43000030517578,BUY (70주),1847.8981649837524,9097.548242803576,0.026380583607080014,263.8058360708001,True,31.36
2026-05-06,GB_1D,CRM,,-301.92801553832817,180.4061737060547,SELL (1주),2028.123932516101,47851.29205385399,,,False,0.0
2026-05-06,GB_1D,SMCI,SMCI,3065.1753843933457,34.65999984741211,BUY (57주),50.52832122230848,10829.788273767474,-0.030005796887070543,-300.05796887070545,False,0.0
2026-05-11,GB_1D,ADBE,,-205.25656438198058,246.14999389648438,SELL (8주),2017.7590724430115,76601.20722307777,,,False,0.0
2026-05-11,GB_1D,NFLX,NFLX,471.0570132159861,85.44999694824219,BUY (23주),50.44379270363174,27907.142797830584,0.02586315731767443,258.63157317674427,True,17.87
2026-05-21,GB_1D,NOW,,-200.58259840583574,99.69000244140625,SELL (20주),2042.2500414829285,32547.390788553243,,,False,0.0
2026-05-21,GB_1D,CDNS,CDNS,454.18343331866134,358.4599914550781,BUY (5주),248.1577842502627,111729.21512677956,0.0422083502858884,422.083502858884,True,92.39
2026-05-22,GB_1D,SMCI,,-327.0854580323371,35.58000183105469,SELL (56주),2238.6454066867864,11311.545873605732,,,False,0.0
2026-05-22,GB_1D,META,META,379.8883000794897,609.214111328125,BUY (3주),409.1754303684272,157586.41615302468,0.00340855217783862,34.0855217783862,True,0.0
2026-05-26,GB_1D,SMCI,,-273.25518257459964,37.099998474121094,SELL (53주),2373.5090495777167,9979.008736772541,,,False,0.0
2026-05-26,GB_1D,ADBE,ADBE,225.00641657917745,240.49000549316406,BUY (8주),447.6650855884591,51672.0362556324,-0.009355898160449568,-93.55898160449568,False,0.0
2026-05-27,GB_1D,SMCI,,-234.6414119265645,38.189998626708984,SELL (52주),2431.5591342487373,8580.148913148883,,,False,0.0
2026-05-27,GB_1D,META,,-240.67880019171415,634.1712646484375,SELL (3주),4332.170414400105,104531.23022885324,,,False,0.0
2026-05-27,GB_1D,AVGO,AVGO,292.70847306006107,420.4277648925781,BUY (4주),2648.7776437702223,70758.07555636788,0.011188628350859578,111.88628350859578,True,0.0
2026-05-27,GB_1D,GOOGL,GOOGL,285.25038617093503,388.3482666015625,BUY (5주),705.0945694294023,65559.25509189034,0.0033433930071802872,33.43393007180287,True,0.0
2026-06-01,GB_1D,SMCI,,-229.82939011821483,46.880001068115234,SELL (42주),2672.085654245381,8532.085787759785,,,False,0.0
2026-06-01,GB_1D,CRM,CRM,431.4003395108116,208.69326782226562,BUY (9주),791.9680044345903,28756.865892618185,-0.041793833437084746,-417.9383343708475,False,0.0
2026-06-02,GB_1D,ADBE,,-200.2283111500913,262.1099853515625,SELL (7주),2624.903131998067,35912.8712716465,,,False,0.0
2026-06-02,GB_1D,SMCI,,-1320.711944583485,50.16999816894531,SELL (39주),4579.576430658345,8994.536269525532,,,False,0.0
2026-06-02,GB_1D,AVGO,,-414.7940380740146,479.93511962890625,SELL (4주),6497.397168695455,46811.94721752358,,,False,0.0
2026-06-02,GB_1D,NOW,NOW,1558.69731326401,127.6500015258789,BUY (15주),4580.732395784383,17218.082546846395,-0.07638072764161581,-763.8072764161581,False,0.0
2026-06-02,GB_1D,BRK-B,BRK-B,348.73776535138825,471.510009765625,BUY (4주),2692.8063166828206,51258.3373225422,0.00818643352551772,81.8643352551772,True,0.0
2026-06-03,GB_1D,SMCI,,-667.0536719167533,47.41999816894531,SELL (30주),4113.983661806112,7575.64352813912,,,False,0.0
2026-06-03,GB_1D,CDNS,,-279.8800871218389,408.0,SELL (4주),5744.351661806111,33896.35166180611,,,False,0.0
2026-06-03,GB_1D,CRM,,-285.50156214867303,189.78541564941406,SELL (9주),7450.712333909993,18837.837272874836,,,False,0.0
2026-06-03,GB_1D,NOW,NOW,964.3073778572129,117.9000015258789,BUY (16주),5562.425909471516,14522.826025438313,0.012383367816599971,123.83367816599971,True,0.0
2026-06-03,GB_1D,NFLX,NFLX,364.2591251674057,81.5199966430664,BUY (24주),3603.9895101184893,11755.989174425129,0.0004906883853600598,4.906883853600598,True,0.0
2026-06-04,GB_1D,CDNS,,-296.40382609589886,411.67999267578125,SELL (1주),4015.2578228015946,44771.577097703936,,,False,0.0
2026-06-04,GB_1D,AVGO,AVGO,534.1920825748449,417.4878234863281,BUY (4주),2343.636577562337,45344.88239665413,-0.07920554908352857,-792.0554908352857,False,0.0
2026-06-04,GB_1D,MSCI,MSCI,374.6486219069329,616.66455078125,BUY (3주),491.7929315662436,65858.23531437875,-0.005510008876191773,-55.10008876191773,False,0.0
2026-06-05,GB_1D,ADBE,,-251.56773653418261,251.44000244140625,SELL (6주),1998.9243062000328,27142.924550340656,,,False,0.0
2026-06-05,GB_1D,NOW,,-223.71542024026567,112.44999694824219,SELL (17주),3908.66260437203,13242.012351076131,,,False,0.0
2026-06-05,GB_1D,AVGO,AVGO,928.2268616043765,384.42047119140625,BUY (5주),1984.6381460590417,35813.63961090279,0.02818033943837627,281.80339438376274,True,0.0
2026-06-09,GB_1D,NOW,,-247.64451662023328,106.97000122070312,SELL (16주),3694.4466455707607,11396.286733461386,,,False,0.0
2026-06-09,GB_1D,SMCI,SMCI,562.4104776521599,40.63999938964844,BUY (49주),1701.0953155078946,6618.535241655356,-0.27977359996665896,-2797.7359996665896,False,0.0
2026-06-10,GB_1D,GOOGL,,-249.2168573486858,356.1510925292969,SELL (5주),3480.0700226917324,44793.59675609017,,,False,0.0
2026-06-10,GB_1D,NFLX,NFLX,394.5738482976199,82.0,BUY (24주),1510.1020226917326,12990.102022691732,-0.008902479962604801,-89.02479962604801,False,0.0
2026-06-11,GB_1D,SMCI,,-396.94007464851694,31.969999313354492,SELL (49주),3075.0654590797485,5984.335396595007,,,False,0.0
2026-06-11,GB_1D,NFLX,NFLX,331.4082600772453,81.2699966430664,BUY (24주),1122.6350597267215,10468.684673679358,-0.011443341252495607,-114.43341252495607,False,0.0
2026-06-18,GB_1D,MSCI,,-278.6501697812024,579.1188354492188,SELL (3주),2858.25420956803,67719.56377988053,,,False,0.0
2026-06-18,GB_1D,NFLX,NFLX,374.03039225851336,77.37999725341797,BUY (25주),921.8197783012456,11522.879402019507,-0.05815456396648075,-581.5456396648075,False,0.0
2026-07-13,GB_1D,AVGO,,-285.6796951872026,383.3519287109375,SELL (5주),2836.6626622123786,53439.11725205613,,,False,0.0
2026-07-13,GB_1D,SMCI,SMCI,1216.3949139220042,27.65999984741211,BUY (72주),843.1511532096933,6485.791122081764,-0.00036154117631969425,-3.6154117631969425,False,0.0
2026-07-16,GB_1D,AVGO,,-348.08602147167784,373.7694091796875,SELL (4주),2336.7337122917243,77090.61554822922,,,False,0.0
2026-07-16,GB_1D,SMCI,SMCI,803.2447747334829,24.68000030517578,BUY (80주),360.3592878532479,7270.759373302467,-0.020259319036359257,-202.59319036359258,False,0.0
2026-08-06,GB_1D,BRK-B,,-388.02275704755965,524.6099853515625,SELL (3주),1932.6154139518808,147249.5813563347,,,False,0.0
2026-08-10,GB_1D,BRK-B,,-337.76884585355964,529.4199829101562,SELL (3주),3519.287102733619,148580.36242011643,,,False,0.0
2026-08-10,GB_1D,AMD,AMD,383.19531960915776,469.55999755859375,BUY (4주),1639.16887250901,132176.84819379807,0.010137170522135513,101.37170522135513,True,0.0
2026-09-04,GB_1D,NFLX,,-208.98786601806958,78.25,SELL (25주),3593.46262250901,23390.71262250901,,,False,0.0
2026-09-04,GB_1D,ADBE,ADBE,1122.7780520027015,266.510009765625,BUY (7주),1726.026984081276,71018.62952314377,-0.03470788961410741,-347.0788961410741,False,0.0
2026-09-14,GB_1D,ADBE,,-486.98005277081126,265.6000061035156,SELL (7주),3583.367826763161,70780.16937095262,,,False,0.0
2026-09-14,GB_1D,SMCI,SMCI,883.7123338979203,36.7400016784668,BUY (54주),1597.4237760353167,12876.604291324624,-0.029940180690385416,-299.40180690385415,False,0.0
2026-09-18,GB_1D,BRK-B,,-252.46750129291988,509.7699890136719,SELL (2주),2615.944214084633,158095.79086325454,,,False,0.0
2026-09-18,GB_1D,NFLX,,-818.0841454446886,71.79000091552734,SELL (27주),4552.335908779152,24509.956163295756,,,False,0.0
2026-09-18,GB_1D,SMCI,SMCI,449.30191120728284,39.09000015258789,BUY (51주),2556.752310989388,15417.362361190804,0.05397801489166465,539.7801489166465,True,83.24
2026-09-18,GB_1D,NOW,NOW,213.53529764674045,135.47000122070312,BUY (14주),658.2757138824547,47124.486132583625,0.01631351173812778,163.1351173812778,True,69.11
2026-09-21,GB_1D,AMD,,-748.8108719080687,615.52001953125,SELL (3주),2502.9892124176113,211779.79585304263,,,False,0.0
2026-09-21,GB_1D,CDNS,CDNS,372.9154147362906,294.8999938964844,BUY (6주),731.8198490753264,102767.21773725892,0.02729745160107595,272.9745160107595,True,63.39
2026-09-22,GB_1D,AMD,,-703.2624999463874,623.77001953125,SELL (1주),1354.966098587045,216555.6228368683,,,False,0.0
2026-10-01,GB_1D,CDNS,,-470.1853073905124,350.7300109863281,SELL (5주),3106.8625034637544,122355.06623881531,,,False,0.0
2026-10-01,GB_1D,NFLX,NFLX,408.1376421115652,67.8499984741211,BUY (29주),1137.2448977584934,26173.894334709177,-0.011643344632183902,-116.43344632183903,False,0.0
2026-10-02,GB_1D,CDNS,,-512.5916029125833,351.3500061035156,SELL (1주),1488.2435538559055,130785.04579994966,,,False,0.0
